Method,F1-Score,Accuracy,AUC-PR,AUC-ROC
Sequence_Similarity,0.4868421052631579,0.5642458100558659,,
Motif_Based,0.697986577181208,0.8743016759776536,,
Length_Based,0.3594470046082949,0.2234636871508379,,
AA_Composition,0.3727272727272727,0.2290502793296089,,
HMM_Based,0.0,0.770949720670391,N/A,N/A
Profile_Based,0.3690205011389522,0.22625698324022347,N/A,N/A
ESM-2 + XGBoost,0.907,0.92,0.947,0.983
