Method,F1-Score,Accuracy
Sequence_Similarity,0.37272727272727274,0.22905027932960895
Motif_Based,0.5736434108527132,0.8463687150837989
Length_Based,0.45267489711934156,0.6284916201117319
AA_Composition,0.6255924170616114,0.7793296089385475
ESM-2 + XGBoost,0.907,0.92
