{
  "Sequence_Similarity": {
    "accuracy": 0.9128333019637369,
    "precision": 0.42155993431855504,
    "recall": 0.491812865497076,
    "f1": 0.4493629687326138,
    "training_time": 27.344422101974487
  },
  "Motif_Based": {
    "accuracy": 0.19494008407051885,
    "precision": 0.07527588230978062,
    "recall": 0.8824561403508773,
    "f1": 0.13867113919762072,
    "training_time": 0.3356039524078369
  },
  "Length_Based": {
    "accuracy": 0.8106186084446954,
    "precision": 0.21005423043574184,
    "recall": 0.5783625730994153,
    "f1": 0.30720720720720723,
    "training_time": 0.38783693313598633
  },
  "AA_Composition": {
    "accuracy": 0.9366145931363323,
    "precision": 0.6944444444444444,
    "recall": 0.23567251461988298,
    "f1": 0.3471262939958592,
    "training_time": 0.9313032627105713
  },
  "ESM-2 + XGBoost": {
    "accuracy": 0.9500752870318088,
    "precision": 0.7404625439919557,
    "recall": 0.5035087719298246,
    "f1": 0.5913677298876541,
    "training_time": 57.509997844696045
  }
}