{
  "XGBoost": {
    "model_name": "XGBoost",
    "best_params": {
      "xgb__subsample": 1.0,
      "xgb__n_estimators": 300,
      "xgb__max_depth": 6,
      "xgb__learning_rate": 0.1,
      "xgb__colsample_bytree": 0.9
    },
    "cv_scores": {
      "accuracy": {
        "mean": 0.9437323546019198,
        "std": 0.015348203390875175
      },
      "precision": {
        "mean": 0.6696078431372549,
        "std": 0.18965558942198457
      },
      "recall": {
        "mean": 0.535672514619883,
        "std": 0.09018749777149476
      },
      "f1": {
        "mean": 0.5862833357762364,
        "std": 0.10327777045263774
      },
      "auc_roc": {
        "mean": 0.9297503920838007,
        "std": 0.019908740269072876
      },
      "auc_pr": {
        "mean": 0.679564762498718,
        "std": 0.07649251531241939
      }
    },
    "training_time": 94.68770790100098
  },
  "Random_Forest": {
    "model_name": "Random_Forest",
    "best_params": {
      "rf__n_estimators": 300,
      "rf__min_samples_split": 5,
      "rf__min_samples_leaf": 2,
      "rf__max_depth": null
    },
    "cv_scores": {
      "accuracy": {
        "mean": 0.9500846979107849,
        "std": 0.0053261528949003056
      },
      "precision": {
        "mean": 0.8302308802308802,
        "std": 0.05806157981661133
      },
      "recall": {
        "mean": 0.4076023391812865,
        "std": 0.08093871474524424
      },
      "f1": {
        "mean": 0.5414737616027938,
        "std": 0.07470378943379263
      },
      "auc_roc": {
        "mean": 0.9126976266461245,
        "std": 0.02219544481793382
      },
      "auc_pr": {
        "mean": 0.6238135747745707,
        "std": 0.09107409954170614
      }
    },
    "training_time": 44.09376096725464
  },
  "SVM_RBF": {
    "model_name": "SVM_RBF",
    "best_params": {
      "svm__gamma": 0.01,
      "svm__C": 100
    },
    "cv_scores": {
      "accuracy": {
        "mean": 0.9500752870318088,
        "std": 0.006945359035569772
      },
      "precision": {
        "mean": 0.7404625439919557,
        "std": 0.089387527821243
      },
      "recall": {
        "mean": 0.5035087719298246,
        "std": 0.1111480394158291
      },
      "f1": {
        "mean": 0.5913677298876541,
        "std": 0.08322366226143753
      },
      "auc_roc": {
        "mean": 0.8490065816020186,
        "std": 0.02879372095643293
      },
      "auc_pr": {
        "mean": 0.645456980963668,
        "std": 0.07459653599728382
      }
    },
    "training_time": 57.509997844696045
  },
  "Logistic_Regression": {
    "model_name": "Logistic_Regression",
    "best_params": {
      "lr__solver": "saga",
      "lr__penalty": "l2",
      "lr__C": 1
    },
    "cv_scores": {
      "accuracy": {
        "mean": 0.9104523495827845,
        "std": 0.01856905086428393
      },
      "precision": {
        "mean": 0.4378103616813294,
        "std": 0.07358540494412218
      },
      "recall": {
        "mean": 0.6538011695906433,
        "std": 0.08248724061990854
      },
      "f1": {
        "mean": 0.5211291808996835,
        "std": 0.07036978943942312
      },
      "auc_roc": {
        "mean": 0.8943742329669593,
        "std": 0.036687552764448954
      },
      "auc_pr": {
        "mean": 0.585382435270895,
        "std": 0.0660775162451176
      }
    },
    "training_time": 72.83888792991638
  },
  "MLP": {
    "model_name": "MLP",
    "best_params": {
      "mlp__learning_rate": "constant",
      "mlp__hidden_layer_sizes": [
        200,
        100
      ],
      "mlp__alpha": 0.0001,
      "mlp__activation": "relu"
    },
    "cv_scores": {
      "accuracy": {
        "mean": 0.9381862099253404,
        "std": 0.006976043931068829
      },
      "precision": {
        "mean": 0.6872222222222222,
        "std": 0.17957081893321553
      },
      "recall": {
        "mean": 0.34269005847953216,
        "std": 0.10517215039235717
      },
      "f1": {
        "mean": 0.4423189199051268,
        "std": 0.08976617856679764
      },
      "auc_roc": {
        "mean": 0.9008145754136265,
        "std": 0.03410000497698341
      },
      "auc_pr": {
        "mean": 0.5701080719107272,
        "std": 0.11021478281282594
      }
    },
    "training_time": 6.635865926742554
  },
  "KNN": {
    "model_name": "KNN",
    "best_params": {
      "knn__weights": "distance",
      "knn__n_neighbors": 7,
      "knn__metric": "euclidean"
    },
    "cv_scores": {
      "accuracy": {
        "mean": 0.9429449777275865,
        "std": 0.011403772150097167
      },
      "precision": {
        "mean": 0.6727272727272727,
        "std": 0.12598285901973197
      },
      "recall": {
        "mean": 0.43918128654970756,
        "std": 0.08341075709789676
      },
      "f1": {
        "mean": 0.5306377456433073,
        "std": 0.09851361061154637
      },
      "auc_roc": {
        "mean": 0.8566560073073137,
        "std": 0.04099816072354769
      },
      "auc_pr": {
        "mean": 0.5898240272776423,
        "std": 0.12571008778078224
      }
    },
    "training_time": 3.557749032974243
  },
  "Perceptron": {
    "model_name": "Perceptron",
    "best_params": {
      "perceptron__penalty": "l2",
      "perceptron__eta0": 0.1,
      "perceptron__alpha": 0.0001
    },
    "cv_scores": {
      "accuracy": {
        "mean": 0.8392025848547588,
        "std": 0.03475626783826442
      },
      "precision": {
        "mean": 0.29297366246979367,
        "std": 0.03880391305867524
      },
      "recall": {
        "mean": 0.7830409356725146,
        "std": 0.09549190117871435
      },
      "f1": {
        "mean": 0.42213053841136033,
        "std": 0.03694018908326243
      },
      "auc_roc": {
        "mean": 0.870393259354934,
        "std": 0.01990170684584615
      },
      "auc_pr": {
        "mean": 0.3896775358763988,
        "std": 0.09938844929720353
      }
    },
    "training_time": 1.5140690803527832
  }
}