{
  "XGBoost": {
    "model_name": "XGBoost",
    "best_params": {
      "xgb__subsample": 1.0,
      "xgb__n_estimators": 100,
      "xgb__max_depth": 5,
      "xgb__learning_rate": 0.1,
      "xgb__colsample_bytree": 0.9
    },
    "cv_scores": {
      "accuracy": {
        "mean": 0.9595834117573249,
        "std": 0.004651947236792141
      },
      "precision": {
        "mean": 0.5285714285714287,
        "std": 0.096890428330361
      },
      "recall": {
        "mean": 0.37636363636363634,
        "std": 0.05064868464430589
      },
      "f1": {
        "mean": 0.4390092879256966,
        "std": 0.0658257947139166
      },
      "auc_roc": {
        "mean": 0.8546425331466997,
        "std": 0.03206034389167855
      },
      "auc_pr": {
        "mean": 0.35622365595074784,
        "std": 0.0795891359409835
      }
    },
    "training_time": 68.48800373077393
  },
  "Random_Forest": {
    "model_name": "Random_Forest",
    "best_params": {
      "rf__n_estimators": 200,
      "rf__min_samples_split": 5,
      "rf__min_samples_leaf": 2,
      "rf__max_depth": 30
    },
    "cv_scores": {
      "accuracy": {
        "mean": 0.9564213564213565,
        "std": 0.005585978347706899
      },
      "precision": {
        "mean": 0.26666666666666666,
        "std": 0.38873012632302006
      },
      "recall": {
        "mean": 0.038181818181818185,
        "std": 0.04685126809718228
      },
      "f1": {
        "mean": 0.06493506493506493,
        "std": 0.08047757602508918
      },
      "auc_roc": {
        "mean": 0.8763565596640595,
        "std": 0.029169409028126658
      },
      "auc_pr": {
        "mean": 0.34416805064313455,
        "std": 0.08373468500671233
      }
    },
    "training_time": 31.622887134552002
  },
  "SVM_RBF": {
    "model_name": "SVM_RBF",
    "best_params": {
      "svm__gamma": 0.001,
      "svm__C": 10
    },
    "cv_scores": {
      "accuracy": {
        "mean": 0.9262971328188719,
        "std": 0.010887121182378445
      },
      "precision": {
        "mean": 0.2733333333333333,
        "std": 0.03842380627799501
      },
      "recall": {
        "mean": 0.43454545454545457,
        "std": 0.047551624838625524
      },
      "f1": {
        "mean": 0.3325101390983744,
        "std": 0.031978761717445035
      },
      "auc_roc": {
        "mean": 0.8528399699474078,
        "std": 0.0722709057829303
      },
      "auc_pr": {
        "mean": 0.35355555096692004,
        "std": 0.11134896049714599
      }
    },
    "training_time": 45.93540811538696
  },
  "Logistic_Regression": {
    "model_name": "Logistic_Regression",
    "best_params": {
      "lr__solver": "saga",
      "lr__penalty": "l1",
      "lr__C": 1
    },
    "cv_scores": {
      "accuracy": {
        "mean": 0.9033314511575382,
        "std": 0.011043173602570299
      },
      "precision": {
        "mean": 0.23466666666666666,
        "std": 0.023389228604047158
      },
      "recall": {
        "mean": 0.5690909090909091,
        "std": 0.08041216140907628
      },
      "f1": {
        "mean": 0.3304413472706155,
        "std": 0.027624864338951217
      },
      "auc_roc": {
        "mean": 0.8412027271792025,
        "std": 0.06445522792516924
      },
      "auc_pr": {
        "mean": 0.3310794930431028,
        "std": 0.10392640164236358
      }
    },
    "training_time": 103.38777875900269
  },
  "MLP": {
    "model_name": "MLP",
    "best_params": {
      "mlp__learning_rate": "adaptive",
      "mlp__hidden_layer_sizes": [
        200
      ],
      "mlp__alpha": 0.0001,
      "mlp__activation": "relu"
    },
    "cv_scores": {
      "accuracy": {
        "mean": 0.9524656502917374,
        "std": 0.008244927829167933
      },
      "precision": {
        "mean": 0.05454545454545454,
        "std": 0.10909090909090909
      },
      "recall": {
        "mean": 0.05454545454545454,
        "std": 0.10909090909090909
      },
      "f1": {
        "mean": 0.05454545454545454,
        "std": 0.10909090909090909
      },
      "auc_roc": {
        "mean": 0.8052155899379931,
        "std": 0.08039764038444104
      },
      "auc_pr": {
        "mean": 0.18617701071269482,
        "std": 0.08484688910650962
      }
    },
    "training_time": 4.476076126098633
  },
  "KNN": {
    "model_name": "KNN",
    "best_params": {
      "knn__weights": "distance",
      "knn__n_neighbors": 9,
      "knn__metric": "euclidean"
    },
    "cv_scores": {
      "accuracy": {
        "mean": 0.9580055210489993,
        "std": 0.0059212687470880255
      },
      "precision": {
        "mean": 0.4833333333333333,
        "std": 0.3431876713662333
      },
      "recall": {
        "mean": 0.09636363636363636,
        "std": 0.06340216645150071
      },
      "f1": {
        "mean": 0.15533799533799533,
        "std": 0.09851838438137735
      },
      "auc_roc": {
        "mean": 0.8363459757895818,
        "std": 0.06557481228877134
      },
      "auc_pr": {
        "mean": 0.3405101768683213,
        "std": 0.10908135811006704
      }
    },
    "training_time": 3.0543901920318604
  },
  "Perceptron": {
    "model_name": "Perceptron",
    "best_params": {
      "perceptron__penalty": "l1",
      "perceptron__eta0": 0.1,
      "perceptron__alpha": 0.0001
    },
    "cv_scores": {
      "accuracy": {
        "mean": 0.7218646088211306,
        "std": 0.06194849110305621
      },
      "precision": {
        "mean": 0.10204669570818244,
        "std": 0.020085842786570284
      },
      "recall": {
        "mean": 0.7181818181818181,
        "std": 0.20936740611614227
      },
      "f1": {
        "mean": 0.17733806566104704,
        "std": 0.034197378950976104
      },
      "auc_roc": {
        "mean": 0.7978274844047621,
        "std": 0.0649344009991238
      },
      "auc_pr": {
        "mean": 0.24436679230064223,
        "std": 0.14829518859126412
      }
    },
    "training_time": 1.808532953262329
  }
}