{
  "mean_auc_pr": 0.9359930459776062,
  "std_auc_pr": 0.017517262500565116,
  "mean_f1": 0.9056523857609369,
  "mean_precision": 0.9019665517903231,
  "mean_recall": 0.910020570085219
}