{
  "XGBoost": {
    "model_name": "XGBoost",
    "best_params": {
      "xgb__subsample": 0.8,
      "xgb__n_estimators": 300,
      "xgb__max_depth": 3,
      "xgb__learning_rate": 0.2,
      "xgb__colsample_bytree": 0.9
    },
    "cv_scores": {
      "accuracy": {
        "mean": 0.9492973210364515,
        "std": 0.010971475932942152
      },
      "precision": {
        "mean": 0.6094405594405594,
        "std": 0.09471330323545184
      },
      "recall": {
        "mean": 0.5985294117647059,
        "std": 0.20004054519817574
      },
      "f1": {
        "mean": 0.5907766764391085,
        "std": 0.12940235678665055
      },
      "auc_roc": {
        "mean": 0.9356555333998007,
        "std": 0.04338679549531659
      },
      "auc_pr": {
        "mean": 0.7122750862402365,
        "std": 0.14947992525017476
      }
    },
    "training_time": 62.047815799713135
  },
  "Random_Forest": {
    "model_name": "Random_Forest",
    "best_params": {
      "rf__n_estimators": 300,
      "rf__min_samples_split": 2,
      "rf__min_samples_leaf": 1,
      "rf__max_depth": null
    },
    "cv_scores": {
      "accuracy": {
        "mean": 0.9619643641382772,
        "std": 0.011623284303962695
      },
      "precision": {
        "mean": 0.8461111111111113,
        "std": 0.04751867728965129
      },
      "recall": {
        "mean": 0.4992647058823529,
        "std": 0.1890206502696827
      },
      "f1": {
        "mean": 0.6104242424242424,
        "std": 0.15612121212121213
      },
      "auc_roc": {
        "mean": 0.9477598454636091,
        "std": 0.03597660141834348
      },
      "auc_pr": {
        "mean": 0.7263094891032218,
        "std": 0.13126691181360717
      }
    },
    "training_time": 32.25540804862976
  },
  "SVM_RBF": {
    "model_name": "SVM_RBF",
    "best_params": {
      "svm__gamma": 0.01,
      "svm__C": 1
    },
    "cv_scores": {
      "accuracy": {
        "mean": 0.9484942593638246,
        "std": 0.003543714904316815
      },
      "precision": {
        "mean": 0.5829629629629629,
        "std": 0.023141480521204898
      },
      "recall": {
        "mean": 0.7441176470588236,
        "std": 0.16716584703588505
      },
      "f1": {
        "mean": 0.6445482527048875,
        "std": 0.06257011465287989
      },
      "auc_roc": {
        "mean": 0.9117242023928217,
        "std": 0.06134957204823907
      },
      "auc_pr": {
        "mean": 0.7073848535115131,
        "std": 0.12018072209623323
      }
    },
    "training_time": 47.49511432647705
  },
  "Logistic_Regression": {
    "model_name": "Logistic_Regression",
    "best_params": {
      "lr__solver": "saga",
      "lr__penalty": "l2",
      "lr__C": 1
    },
    "cv_scores": {
      "accuracy": {
        "mean": 0.9175952067256417,
        "std": 0.01705679345945265
      },
      "precision": {
        "mean": 0.42498876324963286,
        "std": 0.06976044092430653
      },
      "recall": {
        "mean": 0.7433823529411765,
        "std": 0.1566262770337067
      },
      "f1": {
        "mean": 0.5380368247477882,
        "std": 0.09024846627863578
      },
      "auc_roc": {
        "mean": 0.9381262462612163,
        "std": 0.04003924062086991
      },
      "auc_pr": {
        "mean": 0.6625828386820849,
        "std": 0.16252858038973325
      }
    },
    "training_time": 69.86787819862366
  },
  "MLP": {
    "model_name": "MLP",
    "best_params": {
      "mlp__learning_rate": "constant",
      "mlp__hidden_layer_sizes": [
        200,
        100
      ],
      "mlp__alpha": 0.0001,
      "mlp__activation": "relu"
    },
    "cv_scores": {
      "accuracy": {
        "mean": 0.9461415396198005,
        "std": 0.017015750568336235
      },
      "precision": {
        "mean": 0.6324561403508773,
        "std": 0.2451342431574167
      },
      "recall": {
        "mean": 0.45294117647058824,
        "std": 0.2272927208884133
      },
      "f1": {
        "mean": 0.49946031746031744,
        "std": 0.19545389029137478
      },
      "auc_roc": {
        "mean": 0.9360418743768694,
        "std": 0.03900307532945449
      },
      "auc_pr": {
        "mean": 0.6250149387262228,
        "std": 0.1653096687222868
      }
    },
    "training_time": 5.6744959354400635
  },
  "KNN": {
    "model_name": "KNN",
    "best_params": {
      "knn__weights": "distance",
      "knn__n_neighbors": 5,
      "knn__metric": "euclidean"
    },
    "cv_scores": {
      "accuracy": {
        "mean": 0.9564244933810151,
        "std": 0.011455953339104302
      },
      "precision": {
        "mean": 0.6601190476190476,
        "std": 0.09262077758592524
      },
      "recall": {
        "mean": 0.6948529411764706,
        "std": 0.20242635039846008
      },
      "f1": {
        "mean": 0.6630514376026613,
        "std": 0.11089070247194636
      },
      "auc_roc": {
        "mean": 0.9300644940179461,
        "std": 0.05637228106783491
      },
      "auc_pr": {
        "mean": 0.7110176398714101,
        "std": 0.1591650123790039
      }
    },
    "training_time": 2.996838331222534
  },
  "Perceptron": {
    "model_name": "Perceptron",
    "best_params": {
      "perceptron__penalty": "l1",
      "perceptron__eta0": 0.1,
      "perceptron__alpha": 0.001
    },
    "cv_scores": {
      "accuracy": {
        "mean": 0.8582878474182822,
        "std": 0.10504697328864472
      },
      "precision": {
        "mean": 0.33966473341473347,
        "std": 0.09379018271323254
      },
      "recall": {
        "mean": 0.7176470588235294,
        "std": 0.1389958738278819
      },
      "f1": {
        "mean": 0.4420269289085357,
        "std": 0.09407425252461046
      },
      "auc_roc": {
        "mean": 0.9010437437686939,
        "std": 0.021061787824379653
      },
      "auc_pr": {
        "mean": 0.4461863096538151,
        "std": 0.05359716430024399
      }
    },
    "training_time": 1.961946725845337
  }
}