Method,F1-Score,Accuracy,AUC-PR,AUC-ROC
Sequence_Similarity,0.4868421052631579,0.5642458100558659,N/A,N/A
Motif_Based,0.697986577181208,0.8743016759776536,N/A,N/A
Length_Based,0.35944700460829493,0.22346368715083798,N/A,N/A
AA_Composition,0.37272727272727274,0.22905027932960895,N/A,N/A
ESM-2 + XGBoost,0.907,0.92,0.947,0.983
